{"time_step": 1, "time_elapsed": 893.4110608100891, "time_one_episode": 893.4110534191132, "0th run time cost ": 669.6401462334225, "0th energy cost ": 2834.646953778316, "0th qoe ": 0.22225999731956356, "0th greedy run time cost": 697.6193788051606, "0th greedy energy cost": 1556.2403115796558, "0th greedy qoe": 0.3380647080057567, "0th HEFT run time cost": 533.2563111006873, "0th HEFT energy cost": 3743.1159115890277, "0th HEFT qoe": 0.21988469893553556, "1th run time cost ": 911.0552859664645, "1th energy cost ": 3998.2816317703905, "1th qoe ": 0.2609775139248765, "1th greedy run time cost": 946.2181511383056, "1th greedy energy cost": 2800.3595302360322, "1th greedy qoe": 0.3298966026933573, "1th HEFT run time cost": 743.2030268492017, "1th HEFT energy cost": 5299.6566014007785, "1th HEFT qoe": 0.24646916147857273, "2th run time cost ": 1173.7758939674923, "2th energy cost ": 5425.084924436296, "2th qoe ": 0.272092165805391, "2th greedy run time cost": 1203.1455117676599, "2th greedy energy cost": 4845.235740318887, "2th greedy qoe": 0.29624150914432223, "2th HEFT run time cost": 958.8250568994794, "2th HEFT energy cost": 6933.037904044321, "2th HEFT qoe": 0.2650062040896189, "3th run time cost ": 1426.2362073853355, "3th energy cost ": 7292.14507755781, "3th qoe ": 0.2825358019632761, "3th greedy run time cost": 1459.3848448200226, "3th greedy energy cost": 6917.809483801575, "3th greedy qoe": 0.28725635512439074, "3th HEFT run time cost": 1194.9526574055808, "3th HEFT energy cost": 8730.991672518092, "3th HEFT qoe": 0.2867365390672493, "4th run time cost ": 1713.1433125792912, "4th energy cost ": 8651.410010394591, "4th qoe ": 0.2870817909793883, "4th greedy run time cost": 1775.25507530226, "4th greedy energy cost": 7932.217904784763, "4th greedy qoe": 0.2978387604579935, "4th HEFT run time cost": 1454.5292137459346, "4th HEFT energy cost": 10589.116226925376, "4th HEFT qoe": 0.27656914137528255, "5th run time cost ": 2020.0076098974773, "5th energy cost ": 9984.464501894683, "5th qoe ": 0.2732226196593644, "5th greedy run time cost": 2008.297872472491, "5th greedy energy cost": 9600.26801153935, "5th greedy qoe": 0.2860807537876273, "5th HEFT run time cost": 1719.989443877084, "5th HEFT energy cost": 12393.27512173401, "5th HEFT qoe": 0.26047752363175253, "6th run time cost ": 2341.04635082204, "6th energy cost ": 11903.650467689298, "6th qoe ": 0.2789922070743841, "6th greedy run time cost": 2367.2382932216105, "6th greedy energy cost": 11585.93898791384, "6th greedy qoe": 0.28004887063823164, "6th HEFT run time cost": 1939.05790612466, "6th HEFT energy cost": 14216.577140344192, "6th HEFT qoe": 0.2883012990199177, "7th run time cost ": 2408.8669988201686, "7th energy cost ": 13164.309173393602, "7th qoe ": 0.2948259049208039, "7th greedy run time cost": 2453.284323239872, "7th greedy energy cost": 12649.031023344947, "7th greedy qoe": 0.3003965174399653, "7th HEFT run time cost": 2043.4063558368682, "7th HEFT energy cost": 15223.331276192237, "7th HEFT qoe": 0.3021634116210721, "8th run time cost ": 2880.6637494544993, "8th energy cost ": 14989.998485426833, "8th qoe ": 0.28714400101992604, "8th greedy run time cost": 2986.3363132982254, "8th greedy energy cost": 14776.561301936643, "8th greedy qoe": 0.2749432771722734, "8th HEFT run time cost": 2391.006298803329, "8th HEFT energy cost": 17620.752165519214, "8th HEFT qoe": 0.29604739991846807, "mean reward": 0.008345445668001876, "policy_loss": -0.0008290843106806278, "value_loss": 0.04965917766094208, "policy_entropy": 0.6729301810264587, "approxkl": 0.02856467291712761, "clipfrac": 0.30800482630729675}
{"time_step": 2, "time_elapsed": 1788.1003448963165, "time_one_episode": 894.2566523551941, "0th run time cost ": 666.8151281491689, "0th energy cost ": 2561.9293541345646, "0th qoe ": 0.25257229927657854, "0th greedy run time cost": 694.7543029124397, "0th greedy energy cost": 1404.4112250832256, "0th greedy qoe": 0.3606691174218733, "0th HEFT run time cost": 533.2563111006873, "0th HEFT energy cost": 3743.1159115890277, "0th HEFT qoe": 0.21988469893553556, "1th run time cost ": 907.7957464385713, "1th energy cost ": 3696.148540590058, "1th qoe ": 0.28356083292385875, "1th greedy run time cost": 991.4930573076521, "1th greedy energy cost": 2062.99561812755, "1th greedy qoe": 0.3672696974086318, "1th HEFT run time cost": 743.2030268492017, "1th HEFT energy cost": 5299.6566014007785, "1th HEFT qoe": 0.24646916147857273, "2th run time cost ": 1165.0670942042213, "2th energy cost ": 4999.050975014408, "2th qoe ": 0.30005463058184206, "2th greedy run time cost": 1322.8711561546327, "2th greedy energy cost": 2730.349403490753, "2th greedy qoe": 0.37314585621226015, "2th HEFT run time cost": 958.8250568994794, "2th HEFT energy cost": 6933.037904044321, "2th HEFT qoe": 0.2650062040896189, "3th run time cost ": 1397.365958140373, "3th energy cost ": 6539.285626158252, "3th qoe ": 0.3240131027212751, "3th greedy run time cost": 1630.7989317331314, "3th greedy energy cost": 3507.941619870322, "3th greedy qoe": 0.390542797649864, "3th HEFT run time cost": 1194.9526574055808, "3th HEFT energy cost": 8730.991672518092, "3th HEFT qoe": 0.2867365390672493, "4th run time cost ": 1722.5866462197987, "4th energy cost ": 7817.200952227174, "4th qoe ": 0.31450306213480955, "4th greedy run time cost": 1981.3512947273255, "4th greedy energy cost": 4220.899561349488, "4th greedy qoe": 0.38734191769940246, "4th HEFT run time cost": 1454.5292137459346, "4th HEFT energy cost": 10589.116226925376, "4th HEFT qoe": 0.27656914137528255, "5th run time cost ": 2009.8648824469703, "5th energy cost ": 9181.24077268086, "5th qoe ": 0.30278690769551614, "5th greedy run time cost": 2250.785797270503, "5th greedy energy cost": 4915.965380326843, "5th greedy qoe": 0.3882266812557671, "5th HEFT run time cost": 1719.989443877084, "5th HEFT energy cost": 12393.27512173401, "5th HEFT qoe": 0.26047752363175253, "6th run time cost ": 2322.5257803103577, "6th energy cost ": 10912.333125314268, "6th qoe ": 0.30749248482283853, "6th greedy run time cost": 2758.1145137765066, "6th greedy energy cost": 5749.037217666995, "6th greedy qoe": 0.37070740451061107, "6th HEFT run time cost": 1939.05790612466, "6th HEFT energy cost": 14216.577140344192, "6th HEFT qoe": 0.2883012990199177, "7th run time cost ": 2367.914846304893, "7th energy cost ": 12091.952670318147, "7th qoe ": 0.32699395498656947, "7th greedy run time cost": 2806.761979467392, "7th greedy energy cost": 6585.729888197175, "7th greedy qoe": 0.3934036776522373, "7th HEFT run time cost": 2043.4063558368682, "7th HEFT energy cost": 15223.331276192237, "7th HEFT qoe": 0.3021634116210721, "8th run time cost ": 2904.933919334002, "8th energy cost ": 13748.29226252104, "8th qoe ": 0.31004826336855906, "8th greedy run time cost": 3551.881136591775, "8th greedy energy cost": 7572.306627318355, "8th greedy qoe": 0.35338607074765493, "8th HEFT run time cost": 2391.006298803329, "8th HEFT energy cost": 17620.752165519214, "8th HEFT qoe": 0.29604739991846807, "mean reward": 0.00901441588383965, "policy_loss": -0.020251784473657608, "value_loss": 0.004340765997767448, "policy_entropy": 0.656630277633667, "approxkl": 0.018423445522785187, "clipfrac": 0.30720096826553345}
{"time_step": 3, "time_elapsed": 2652.5749168395996, "time_one_episode": 864.3856632709503, "0th run time cost ": 655.6148300386158, "0th energy cost ": 2340.2484159060014, "0th qoe ": 0.2856991770230298, "0th greedy run time cost": 694.7543029124397, "0th greedy energy cost": 1404.4112250832256, "0th greedy qoe": 0.3606691174218733, "0th HEFT run time cost": 533.2563111006873, "0th HEFT energy cost": 3743.1159115890277, "0th HEFT qoe": 0.21988469893553556, "1th run time cost ": 922.8626223073686, "1th energy cost ": 3292.6474509931722, "1th qoe ": 0.30751861723969487, "1th greedy run time cost": 991.4930573076521, "1th greedy energy cost": 2062.99561812755, "1th greedy qoe": 0.3672696974086318,