{"time_step": 1, "time_elapsed": 1533.331092119217, "time_one_episode": 1533.3310852050781, "0th run time cost ": 673.8203462881362, "0th energy cost ": 2888.897814817592, "0th qoe ": 0.2177317433431854, "0th greedy run time cost": 688.3074699296952, "0th greedy energy cost": 2657.7170333872327, "0th greedy qoe": 0.2255701163807015, "0th HEFT run time cost": 533.2563111006873, "0th HEFT energy cost": 3743.1159115890277, "0th HEFT qoe": 0.21988469893553556, "1th run time cost ": 944.4394491375514, "1th energy cost ": 4082.6915124244247, "1th qoe ": 0.23826503041989536, "1th greedy run time cost": 1007.8839529075622, "1th greedy energy cost": 3654.675596524876, "1th greedy qoe": 0.23940066014894185, "1th HEFT run time cost": 743.2030268492017, "1th HEFT energy cost": 5299.6566014007785, "1th HEFT qoe": 0.24646916147857273, "2th run time cost ": 1217.5449759533747, "2th energy cost ": 5207.367491559056, "2th qoe ": 0.2664584538511259, "2th greedy run time cost": 1360.339947646141, "2th greedy energy cost": 4515.245814566651, "2th greedy qoe": 0.25543241180153475, "2th HEFT run time cost": 958.8250568994794, "2th HEFT energy cost": 6933.037904044321, "2th HEFT qoe": 0.2650062040896189, "3th run time cost ": 1471.8412378398352, "3th energy cost ": 6750.331495406059, "3th qoe ": 0.2912383143693257, "3th greedy run time cost": 1699.4325655969892, "3th greedy energy cost": 5477.33386476896, "3th greedy qoe": 0.2804804031005593, "3th HEFT run time cost": 1194.9526574055808, "3th HEFT energy cost": 8730.991672518092, "3th HEFT qoe": 0.2867365390672493, "4th run time cost ": 1796.927299453054, "4th energy cost ": 8160.24599040172, "4th qoe ": 0.28362686986630714, "4th greedy run time cost": 2065.556065052169, "4th greedy energy cost": 6314.870004322248, "4th greedy qoe": 0.28824615840493345, "4th HEFT run time cost": 1454.5292137459346, "4th HEFT energy cost": 10589.116226925376, "4th HEFT qoe": 0.27656914137528255, "5th run time cost ": 2115.2212908059532, "5th energy cost ": 9271.169920056762, "5th qoe ": 0.27743317195588746, "5th greedy run time cost": 2371.4734014633727, "5th greedy energy cost": 7110.349863513011, "5th greedy qoe": 0.2916175424464848, "5th HEFT run time cost": 1719.989443877084, "5th HEFT energy cost": 12393.27512173401, "5th HEFT qoe": 0.26047752363175253, "6th run time cost ": 2445.2988181514743, "6th energy cost ": 10638.743301309378, "6th qoe ": 0.29426226761808927, "6th greedy run time cost": 2872.8416646751675, "6th greedy energy cost": 7961.873358522338, "6th greedy qoe": 0.2905976221324438, "6th HEFT run time cost": 1939.05790612466, "6th HEFT energy cost": 14216.577140344192, "6th HEFT qoe": 0.2883012990199177, "7th run time cost ": 2513.914956414904, "7th energy cost ": 12053.29053180119, "7th qoe ": 0.3057616758275508, "7th greedy run time cost": 3000.0805843306944, "7th greedy energy cost": 8658.482931750292, "7th greedy qoe": 0.3122194601145118, "7th HEFT run time cost": 2043.4063558368682, "7th HEFT energy cost": 15223.331276192237, "7th HEFT qoe": 0.3021634116210721, "8th run time cost ": 3018.225254115378, "8th energy cost ": 13671.41299318889, "8th qoe ": 0.2954954112878792, "8th greedy run time cost": 3696.625185159683, "8th greedy energy cost": 9602.42737233442, "8th greedy qoe": 0.28621517865218693, "8th HEFT run time cost": 2391.006298803329, "8th HEFT energy cost": 17620.752165519214, "8th HEFT qoe": 0.29604739991846807, "mean reward": 0.008744817050470022, "policy_loss": 0.12524452805519104, "value_loss": 0.010505475103855133, "policy_entropy": 0.3342090845108032, "approxkl": 2.147660732269287, "clipfrac": 0.6135749220848083}
{"time_step": 2, "time_elapsed": 3064.589108943939, "time_one_episode": 1530.1322779655457, "0th run time cost ": 671.9727804324287, "0th energy cost ": 2589.0436888332256, "0th qoe ": 0.24786933509613218, "0th greedy run time cost": 694.7543029124397, "0th greedy energy cost": 1404.4112250832256, "0th greedy qoe": 0.3606691174218733, "0th HEFT run time cost": 533.2563111006873, "0th HEFT energy cost": 3743.1159115890277, "0th HEFT qoe": 0.21988469893553556, "1th run time cost ": 924.1315331617084, "1th energy cost ": 3631.6414535846825, "1th qoe ": 0.27898193356179074, "1th greedy run time cost": 992.1382442496164, "1th greedy energy cost": 2080.120978183354, "1th greedy qoe": 0.36534946867866536, "1th HEFT run time cost": 743.2030268492017, "1th HEFT energy cost": 5299.6566014007785, "1th HEFT qoe": 0.24646916147857273, "2th run time cost ": 1224.082284820284, "2th energy cost ": 4585.71905528316, "2th qoe ": 0.30426328805677166, "2th greedy run time cost": 1324.4871980770656, "2th greedy energy cost": 2784.607860075574, "2th greedy qoe": 0.3682968385414825, "2th HEFT run time cost": 958.8250568994794, "2th HEFT energy cost": 6933.037904044321, "2th HEFT qoe": 0.2650062040896189, "3th run time cost ": 1526.1559895680296, "3th energy cost ": 5894.365917541285, "3th qoe ": 0.3153957444748019, "3th greedy run time cost": 1632.6108495623723, "3th greedy energy cost": 3604.918388452911, "3th greedy qoe": 0.38475367017458245, "3th HEFT run time cost": 1194.9526574055808, "3th HEFT energy cost": 8730.991672518092, "3th HEFT qoe": 0.2867365390672493, "4th run time cost ": 1806.4074639378957, "4th energy cost ": 7190.959543203517, "4th qoe ": 0.31587588384358817, "4th greedy run time cost": 1991.5868386726384, "4th greedy energy cost": 4436.132103670916, "4th greedy qoe": 0.37492956411248923, "4th HEFT run time cost": 1454.5292137459346, "4th HEFT energy cost": 10589.116226925376, "4th HEFT qoe": 0.27656914137528255, "5th run time cost ": 2114.999192867824, "5th energy cost ": 8262.275488934894, "5th qoe ": 0.30967151410288096, "5th greedy run time cost": 2276.378365745681, "5th greedy energy cost": 5194.811852760773, "5th greedy qoe": 0.3716371646112691, "5th HEFT run time cost": 1719.989443877084, "5th HEFT energy cost": 12393.27512173401, "5th HEFT qoe": 0.26047752363175253, "6th run time cost ": 2479.851390675, "6th energy cost ": 9523.154435137069, "6th qoe ": 0.31824812133472274, "6th greedy run time cost": 2781.701957226753, "6th greedy energy cost": 6037.222165196904, "6th greedy qoe": 0.35820921801209543, "6th HEFT run time cost": 1939.05790612466, "6th HEFT energy cost": 14216.577140344192, "6th HEFT qoe": 0.2883012990199177, "7th run time cost ": 2522.1610332121168, "7th energy cost ": 10478.062133168596, "7th qoe ": 0.34235762689253524, "7th greedy run time cost": 2862.9564883668077, "7th greedy energy cost": 6790.818769936458, "7th greedy qoe": 0.37919070437945157, "7th HEFT run time cost": 2043.4063558368682, "7th HEFT energy cost": 15223.331276192237, "7th HEFT qoe": 0.3021634116210721, "8th run time cost ": 3057.9348444818766, "8th energy cost ": 12476.274180602288, "8th qoe ": 0.3164801632588478, "8th greedy run time cost": 3585.2358648282457, "8th greedy energy cost": 7553.534081737998, "8th greedy qoe": 0.3485794768145654, "8th HEFT run time cost": 2391.006298803329, "8th HEFT energy cost": 17620.752165519214, "8th HEFT qoe": 0.29604739991846807, "mean reward": 0.009121376441771023, "policy_loss": -0.014965995214879513, "value_loss": 0.0031081796623766422, "policy_entropy": 0.6209809184074402, "approxkl": 0.01455273199826479, "clipfrac": 0.23175586760044098}
{"time_step": 3, "time_elapsed": 4612.356098651886, "time_one_episode": 1547.630158662796, "0th run time cost ": 670.5356864000048, "0th energy cost ": 2245.116647456883, "0th qoe ": 0.2833985383705132, "0th greedy run time cost": 694.7543029124397, "0th greedy energy cost": 1404.4112250832256, "0th greedy qoe": 0.3606691174218733, "0th HEFT run time cost": 533.2563111006873, "0th HEFT energy cost": 3743.1159115890277, "0th HEFT qoe": 0.21988469893553556, "1th run time cost ": 944.6261947721753, "1th energy cost ": 3170.2116289467517, "1th qoe ": 0.3060119025483137, "1th greedy run time cost": 991.4930573076521, "1th greedy energy cost": 2062.99561812755, "1th greedy qoe": 0.3672696974086318,