{"0th run time cost ": 1487.138054789543, "0th energy cost ": 5900.084618950603, "0th qoe ": -0.16315022967806964, "0th HEFT run time cost": 905.3067227169673, "0th HEFT energy cost": 6460.546929762217, "0th HEFT qoe": 0.08760918985517252}
{"0th run time cost ": 1053.4447802829743, "0th energy cost ": 6742.046593811036, "0th qoe ": 0.0, "0th HEFT run time cost": 905.3067227169673, "0th HEFT energy cost": 6460.546929762217, "0th HEFT qoe": 0.08760918985517252}
{"0th run time cost ": 1166.6121530348462, "0th energy cost ": 6578.274808729911, "0th qoe ": -0.04771325556842352, "0th HEFT run time cost": 905.3067227169673, "0th HEFT energy cost": 6460.546929762217, "0th HEFT qoe": 0.08760918985517252}
{"0th run time cost ": 1053.4447802829743, "0th energy cost ": 6742.046593811036, "0th qoe ": 0.0, "0th HEFT run time cost": 905.3067227169673, "0th HEFT energy cost": 6460.546929762217, "0th HEFT qoe": 0.08760918985517252}
{"0th run time cost ": 1053.4447802829743, "0th energy cost ": 6742.046593811036, "0th qoe ": 0.0, "0th HEFT run time cost": 905.3067227169673, "0th HEFT energy cost": 6460.546929762217, "0th HEFT qoe": 0.08760918985517252}
{"0th run time cost ": 1053.4447802829743, "0th energy cost ": 6742.046593811036, "0th qoe ": 0.0, "0th HEFT run time cost": 905.3067227169673, "0th HEFT energy cost": 6460.546929762217, "0th HEFT qoe": 0.08760918985517252}
{"0th run time cost ": 1053.4447802829743, "0th energy cost ": 6742.046593811036, "0th qoe ": 0.0, "0th HEFT run time cost": 905.3067227169673, "0th HEFT energy cost": 6460.546929762217, "0th HEFT qoe": 0.08760918985517252}
{"0th run time cost ": 1053.4447802829743, "0th energy cost ": 6742.046593811036, "0th qoe ": 0.0, "0th HEFT run time cost": 905.3067227169673, "0th HEFT energy cost": 6460.546929762217, "0th HEFT qoe": 0.08760918985517252}
{"0th run time cost ": 1053.4447802829743, "0th energy cost ": 6742.046593811036, "0th qoe ": 0.0, "0th HEFT run time cost": 905.3067227169673, "0th HEFT energy cost": 6460.546929762217, "0th HEFT qoe": 0.08760918985517252}
{"0th run time cost ": 1053.4447802829743, "0th energy cost ": 6742.046593811036, "0th qoe ": 0.0, "0th HEFT run time cost": 905.3067227169673, "0th HEFT energy cost": 6460.546929762217, "0th HEFT qoe": 0.08760918985517252}
