{"time_step": 1, "time_elapsed": 43.99839901924133, "time_one_episode": 43.99839448928833, "0th run time cost ": 2305.1025015567147, "0th energy cost ": 4815.009369459075, "0th qoe ": -1.2226315645721932, "0th greedy run time cost": 2305.75997616609, "0th greedy energy cost": 4813.656442297617, "0th greedy qoe": -1.223374491770726, "0th HEFT run time cost": 905.3067227169673, "0th HEFT energy cost": 6460.546929762217, "0th HEFT qoe": 0.1359243206819668, "mean reward": -0.9607455358486546, "policy_loss": 0.1138518825173378, "value_loss": 0.5753068923950195, "policy_entropy": 0.020772749558091164, "approxkl": 0.9508886337280273, "clipfrac": 0.5503767132759094}
{"time_step": 2, "time_elapsed": 79.01935529708862, "time_one_episode": 34.66504096984863, "0th run time cost ": 2301.769481374423, "0th energy cost ": 4816.328477610117, "0th qoe ": -1.2198253721398225, "0th greedy run time cost": 2305.75997616609, "0th greedy energy cost": 4813.656442297617, "0th greedy qoe": -1.223374491770726, "0th HEFT run time cost": 905.3067227169673, "0th HEFT energy cost": 6460.546929762217, "0th HEFT qoe": 0.1359243206819668, "mean reward": -1.206173660300845, "policy_loss": 6.416604446712881e-05, "value_loss": 0.11808305978775024, "policy_entropy": 0.008097149431705475, "approxkl": 0.00034922940540127456, "clipfrac": 0.0002199999726144597}
{"time_step": 3, "time_elapsed": 111.44958543777466, "time_one_episode": 32.32011795043945, "0th run time cost ": 2292.2541218366623, "0th energy cost ": 4825.034195292409, "0th qoe ": -1.2111680133205776, "0th greedy run time cost": 2305.75997616609, "0th greedy energy cost": 4813.656442297617, "0th greedy qoe": -1.223374491770726, "0th HEFT run time cost": 905.3067227169673, "0th HEFT energy cost": 6460.546929762217, "0th HEFT qoe": 0.1359243206819668, "mean reward": -1.2026614497912687, "policy_loss": 0.0001748220674926415, "value_loss": 0.08202217519283295, "policy_entropy": 0.038511138409376144, "approxkl": 0.0021057508420199156, "clipfrac": 0.002176666632294655}
{"time_step": 4, "time_elapsed": 142.7387056350708, "time_one_episode": 31.174840927124023, "0th run time cost ": 2294.8637594181696, "0th energy cost ": 4824.912110719757, "0th qoe ": -1.21094924687595, "0th greedy run time cost": 2305.75997616609, "0th greedy energy cost": 4813.656442297617, "0th greedy qoe": -1.223374491770726, "0th HEFT run time cost": 905.3067227169673, "0th HEFT energy cost": 6460.546929762217, "0th HEFT qoe": 0.1359243206819668, "mean reward": -1.196086719185776, "policy_loss": -0.00034412083914503455, "value_loss": 0.04658080264925957, "policy_entropy": 0.052940864115953445, "approxkl": 0.0009101562900468707, "clipfrac": 0.005153334233909845}
{"time_step": 5, "time_elapsed": 173.4850161075592, "time_one_episode": 30.623051166534424, "0th run time cost ": 2276.03964653047, "0th energy cost ": 4843.508232964019, "0th qoe ": -1.194803798680789, "0th greedy run time cost": 2305.75997616609, "0th greedy energy cost": 4813.656442297617, "0th greedy qoe": -1.223374491770726, "0th HEFT run time cost": 905.3067227169673, "0th HEFT energy cost": 6460.546929762217, "0th HEFT qoe": 0.1359243206819668, "mean reward": -1.189777313279024, "policy_loss": -0.0011217247229069471, "value_loss": 0.041456691920757294, "policy_entropy": 0.07505706697702408, "approxkl": 0.0009257643250748515, "clipfrac": 0.009830000810325146}
{"time_step": 6, "time_elapsed": 203.74040532112122, "time_one_episode": 30.14483118057251, "0th run time cost ": 2247.6715630823774, "0th energy cost ": 4871.290436556092, "0th qoe ": -1.1728204629750432, "0th greedy run time cost": 2305.75997616609, "0th greedy energy cost": 4813.656442297617, "0th greedy qoe": -1.223374491770726, "0th HEFT run time cost": 905.3067227169673, "0th HEFT energy cost": 6460.546929762217, "0th HEFT qoe": 0.1359243206819668, "mean reward": -1.1790680563843137, "policy_loss": -0.0011597786797210574, "value_loss": 0.042347148060798645, "policy_entropy": 0.11375097930431366, "approxkl": 0.003575801383703947, "clipfrac": 0.013833333738148212}
{"time_step": 7, "time_elapsed": 233.8321921825409, "time_one_episode": 29.980191707611084, "0th run time cost ": 2204.1122904030485, "0th energy cost ": 4924.1965549461875, "0th qoe ": -1.1290545772408023, "0th greedy run time cost": 2305.75997616609, "0th greedy energy cost": 4813.656442297617, "0th greedy qoe": -1.223374491770726, "0th HEFT run time cost": 905.3067227169673, "0th HEFT energy cost": 6460.546929762217, "0th HEFT qoe": 0.1359243206819668, "mean reward": -1.1496220498539083, "policy_loss": -0.00356230023317039, "value_loss": 0.028970927000045776, "policy_entropy": 0.18794943392276764, "approxkl": 0.007372564170509577, "clipfrac": 0.03422999382019043}
{"time_step": 8, "time_elapsed": 264.01188015937805, "time_one_episode": 30.074134349822998, "0th run time cost ": 2133.6217837088902, "0th energy cost ": 4989.609609618327, "0th qoe ": -1.0622508244976665, "0th greedy run time cost": 2305.75997616609, "0th greedy energy cost": 4813.656442297617, "0th greedy qoe": -1.223374491770726, "0th HEFT run time cost": 905.3067227169673, "0th HEFT energy cost": 6460.546929762217, "0th HEFT qoe": 0.1359243206819668, "mean reward": -1.1172434893603018, "policy_loss": -0.004080406855791807, "value_loss": 0.021175991743803024, "policy_entropy": 0.2517118453979492, "approxkl": 0.017668727785348892, "clipfrac": 0.08177666366100311}
{"time_step": 9, "time_elapsed": 293.81860423088074, "time_one_episode": 29.69727063179016, "0th run time cost ": 2065.5687342770893, "0th energy cost ": 5062.969926018575, "0th qoe ": -0.9907924509357138, "0th greedy run time cost": 2305.75997616609, "0th greedy energy cost": 4813.656442297617, "0th greedy qoe": -1.223374491770726, "0th HEFT run time cost": 905.3067227169673, "0th HEFT energy cost": 6460.546929762217, "0th HEFT qoe": 0.1359243206819668, "mean reward": -1.0295715172062092, "policy_loss": -0.014061016030609608, "value_loss": 0.020960336551070213, "policy_entropy": 0.3123874366283417, "approxkl": 0.013383504934608936, "clipfrac": 0.12880000472068787}
{"time_step": 10, "time_elapsed": 323.89876079559326, "time_one_episode": 29.972488164901733, "0th run time cost ": 1938.898438828151, "0th energy cost ": 5175.375201020253, "0th qoe ": -0.8783082481357919, "0th greedy run time cost": 2259.824535551389, "0th greedy energy cost": 4856.062411831868, "0th greedy qoe": -1.1816682884959986, "0th HEFT run time cost": 905.3067227169673, "0th HEFT energy cost": 6460.546929762217, "0th HEFT qoe": 0.1359243206819668, "mean reward": -0.9609003562904301, "policy_loss": -0.017344016581773758, "value_loss": 0.024278530851006508, "policy_entropy": 0.34835612773895264, "approxkl": 0.013469423167407513, "clipfrac": 0.1838933229446411}
{"time_step": 11, "time_elapsed": 354.18260407447815, "time_one_episode": 30.17757558822632, "0th run time cost ": 1896.1507291463215, "0th energy cost ": 5235.931235333812, "0th qoe ": -0.8396945198714283, "0th greedy run time cost": 1896.9599300489426, "0th greedy energy cost": 5231.890519354909, "0th greedy qoe": -0.8399265396691671, "0th HEFT run time cost": 905.3067227169673, "0th HEFT energy cost": 6460.546929762217, "0th HEFT qoe": 0.1359243206819668, "mean reward": -0.886815525229588, "policy_loss": -0.021202271804213524, "value_loss": 0.019774053245782852, "policy_entropy": 0.3768920600414276, "approxkl": 0.013897685334086418, "clipfrac": 0.21712999045848846}
{"time_step": 12, "time_elapsed": 383.72181129455566, "time_one_episode": 29.42878246307373, "0th run time cost ": 1800.818946943283, "0th energy cost ": 5352.896454192657, "0th qoe ": -0.7474283544088612, "0th greedy run time cost": 1792.96284367466, "0th greedy energy cost": 5376.444029155933, "0th greedy qoe": -0.740291746046476, "0th HEFT run time cost": 905.3067227169673, "0th HEFT energy cost": 6460.546929762217, "0th HEFT qoe": 0.1359243206819668, "mean reward": -0.7911895087058738, "policy_loss": -0.0204140804708004, "value_loss": 0.02098313719034195,