{"time_step": 1, "time_elapsed": 1550.7894110679626, "time_one_episode": 1550.7893993854523, "0th run time cost ": 674.3260137259621, "0th energy cost ": 2492.4207845743017, "0th qoe ": 0.05726855611328738, "0th greedy run time cost": 694.0950300329754, "0th greedy energy cost": 1442.674766567601, "0th greedy qoe": 0.0293662537695603, "0th HEFT run time cost": 533.2563111006873, "0th HEFT energy cost": 3743.1159115890277, "0th HEFT qoe": 0.2551213015943521, "1th run time cost ": 915.6383108175822, "1th energy cost ": 3669.0936911677113, "1th qoe ": 0.11583254382928106, "1th greedy run time cost": 989.7663239092145, "1th greedy energy cost": 2135.441157480229, "1th greedy qoe": 0.04606590469673086, "1th HEFT run time cost": 743.2030268492017, "1th HEFT energy cost": 5299.6566014007785, "1th HEFT qoe": 0.2855861032396183, "2th run time cost ": 1207.7699882136753, "2th energy cost ": 4991.268707546103, "2th qoe ": 0.13186383939537422, "2th greedy run time cost": 1322.0544894414631, "2th greedy energy cost": 2810.1783719840564, "2th greedy qoe": 0.05602691418453794, "2th HEFT run time cost": 958.8250568994794, "2th HEFT energy cost": 6933.037904044321, "2th HEFT qoe": 0.30983934938126306, "3th run time cost ": 1450.1824229500635, "3th energy cost ": 6239.046717722103, "3th qoe ": 0.18943351090043786, "3th greedy run time cost": 1629.6766928938453, "3th greedy energy cost": 3648.5343551046976, "3th greedy qoe": 0.09051303910496786, "3th HEFT run time cost": 1194.9526574055808, "3th HEFT energy cost": 8730.991672518092, "3th HEFT qoe": 0.3343725078063076, "4th run time cost ": 1719.683597684315, "4th energy cost ": 7743.563879525408, "4th qoe ": 0.20031160180043503, "4th greedy run time cost": 1980.1525206857411, "4th greedy energy cost": 4312.971226370915, "4th greedy qoe": 0.08575340911852916, "4th HEFT run time cost": 1454.5292137459346, "4th HEFT energy cost": 10589.116226925376, "4th HEFT qoe": 0.3233191913893718, "5th run time cost ": 2019.865665225574, "5th energy cost ": 8738.323319538029, "5th qoe ": 0.1828805703246222, "5th greedy run time cost": 2251.0966333935603, "5th greedy energy cost": 5027.436504345595, "5th greedy qoe": 0.09251153447208604, "5th HEFT run time cost": 1719.989443877084, "5th HEFT energy cost": 12393.27512173401, "5th HEFT qoe": 0.3055328818535561, "6th run time cost ": 2416.6889751506533, "6th energy cost ": 10216.251174974124, "6th qoe ": 0.1739732558880465, "6th greedy run time cost": 2751.026526005882, "6th greedy energy cost": 5894.966903884408, "6th greedy qoe": 0.0574147537604473, "6th HEFT run time cost": 1939.05790612466, "6th HEFT energy cost": 14216.577140344192, "6th HEFT qoe": 0.33782091345416704, "7th run time cost ": 2409.1852464305334, "7th energy cost ": 10797.429125890025, "7th qoe ": 0.237474632184117, "7th greedy run time cost": 2831.5791577292853, "7th greedy energy cost": 6478.4596097717285, "7th greedy qoe": 0.10766694046563247, "7th HEFT run time cost": 2043.4063558368682, "7th HEFT energy cost": 15223.331276192237, "7th HEFT qoe": 0.3550728848706165, "8th run time cost ": 2979.269045893533, "8th energy cost ": 12868.513473994226, "8th qoe ": 0.1882643445914645, "8th greedy run time cost": 3557.622438579968, "8th greedy energy cost": 7368.949727076394, "8th greedy qoe": 0.034936191281921006, "8th HEFT run time cost": 2391.006298803329, "8th HEFT energy cost": 17620.752165519214, "8th HEFT qoe": 0.34613088238571016, "mean reward": 0.0045811479674768086, "policy_loss": 0.028758110478520393, "value_loss": 0.043437693268060684, "policy_entropy": 0.48265939950942993, "approxkl": 0.38023215532302856, "clipfrac": 0.3470749855041504}
{"time_step": 2, "time_elapsed": 3083.5804545879364, "time_one_episode": 1531.8432259559631, "0th run time cost ": 653.4185735616685, "0th energy cost ": 2791.8228946162626, "0th qoe ": 0.08278076656932316, "0th greedy run time cost": 674.799401931354, "0th greedy energy cost": 2150.117227684566, "0th greedy qoe": 0.05865336697457184, "0th HEFT run time cost": 533.2563111006873, "0th HEFT energy cost": 3743.1159115890277, "0th HEFT qoe": 0.2551213015943521, "1th run time cost ": 905.8323133043563, "1th energy cost ": 4059.095755326211, "1th qoe ": 0.12358279832129414, "1th greedy run time cost": 968.309749153546, "1th greedy energy cost": 2999.878907327553, "1th greedy qoe": 0.0679984240371655, "1th HEFT run time cost": 743.2030268492017, "1th HEFT energy cost": 5299.6566014007785, "1th HEFT qoe": 0.2855861032396183, "2th run time cost ": 1150.2087471046448, "2th energy cost ": 5362.65487404432, "2th qoe ": 0.1722030643804514, "2th greedy run time cost": 1300.9448165029798, "2th greedy energy cost": 3847.0545613277973, "2th greedy qoe": 0.07280280289795471, "2th HEFT run time cost": 958.8250568994794, "2th HEFT energy cost": 6933.037904044321, "2th HEFT qoe": 0.30983934938126306, "3th run time cost ": 1413.972983616829, "3th energy cost ": 6839.223259875226, "3th qoe ": 0.210770639830991, "3th greedy run time cost": 1610.9768687787737, "3th greedy energy cost": 4747.926480057374, "3th greedy qoe": 0.10179275254966702, "3th HEFT run time cost": 1194.9526574055808, "3th HEFT energy cost": 8730.991672518092, "3th HEFT qoe": 0.3343725078063076, "4th run time cost ": 1688.262379477365, "4th energy cost ": 8307.458223515996, "4th qoe ": 0.21610403865001945, "4th greedy run time cost": 1948.6160298539571, "4th greedy energy cost": 5505.469176270468, "4th greedy qoe": 0.1022470140569175, "4th HEFT run time cost": 1454.5292137459346, "4th HEFT energy cost": 10589.116226925376, "4th HEFT qoe": 0.3233191913893718, "5th run time cost ": 1993.3930336745125, "5th energy cost ": 9645.295487917021, "5th qoe ": 0.19666204061313064, "5th greedy run time cost": 2218.002175996644, "5th greedy energy cost": 6311.045359080419, "5th greedy qoe": 0.10799436697650756, "5th HEFT run time cost": 1719.989443877084, "5th HEFT energy cost": 12393.27512173401, "5th HEFT qoe": 0.3055328818535561, "6th run time cost ": 2252.0650528018136, "6th energy cost ": 11321.535153332583, "6th qoe ": 0.2293429191264238, "6th greedy run time cost": 2721.5520825990952, "6th greedy energy cost": 7403.443437965654, "6th greedy qoe": 0.06874732591648514, "6th HEFT run time cost": 1939.05790612466, "6th HEFT energy cost": 14216.577140344192, "6th HEFT qoe": 0.33782091345416704, "7th run time cost ": 2351.45793580791, "7th energy cost ": 12042.894666179309, "7th qoe ": 0.2580150804982838, "7th greedy run time cost": 2801.9724157022742, "7th greedy energy cost": 8057.024212626188, "7th greedy qoe": 0.12027012830046707, "7th HEFT run time cost": 2043.4063558368682, "7th HEFT energy cost": 15223.331276192237, "7th HEFT qoe": 0.3550728848706165, "8th run time cost ": 2921.391070102283, "8th energy cost ": 14167.770719566102, "8th qoe ": 0.20437693760338518, "8th greedy run time cost": 3527.127966509955, "8th greedy energy cost": 8866.584668814785, "8th greedy qoe": 0.04434574001712667, "8th HEFT run time cost": 2391.006298803329, "8th HEFT energy cost": 17620.752165519214, "8th HEFT qoe": 0.34613088238571016, "mean reward": 0.005426067858886428, "policy_loss": -0.008129814639687538, "value_loss": 0.008612904697656631, "policy_entropy": 0.6465083956718445, "approxkl": 0.010939915664494038, "clipfrac": 0.17477287352085114}
{"time_step": 3, "time_elapsed": 4618.666753053665, "time_one_episode": 1534.936032295227, "0th run time cost ": 644.9720525929587, "0th energy cost ": 2762.443325681894, "0th qoe ": 0.09320617421182054, "0th greedy run time cost": 677.0122246787207, "0th greedy energy cost": 2232.469898816267, "0th greedy qoe": 0.05830055015027237, "0th HEFT run time cost": 533.2563111006873, "0th HEFT energy cost": 3743.1159115890277, "0th HEFT qoe": 0.2551213015943521, "1th run time cost ": 887.1121332396099, "1th energy cost ": 4157.353994962812, "1th qoe ": 0.13913183837542506, "1th greedy run time cost": 901.5439147620882, "1th greedy energy cost": 3677.380513621303, "1th greedy qoe": 0.13524482824136874,